﻿<?xml version="1.0" encoding="utf-8" standalone="yes"?>
<notaDebito id="comprobante" version="1.0.0">
  <infoTributaria>
    <razonSocial>CONELSA CONDUCTORES ELECTRICOS SA</razonSocial>
    <ruc>1790015785001</ruc>
    <codDoc>05</codDoc>
    <estab>001</estab>
    <ptoEmi>002</ptoEmi>
    <secuencial>000000006</secuencial>
    <dirMatriz>Juan Barrezueta N69-147 y Pana. Norte Km. 5 1/2</dirMatriz>
  </infoTributaria>
  <infoNotaDebito>
    <fechaEmision>27/03/2017</fechaEmision>
    <tipoIdentificacionComprador>04</tipoIdentificacionComprador>
    <razonSocialComprador>PRUEBARETENCION</razonSocialComprador>
    <identificacionComprador>1712267770001</identificacionComprador>
    <contribuyenteEspecial>56234</contribuyenteEspecial>
    <obligadoContabilidad>SI</obligadoContabilidad>
    <codDocModificado>01</codDocModificado>
    <numDocModificado>001-001-000000035</numDocModificado>
    <fechaEmisionDocSustento>07/09/2006</fechaEmisionDocSustento>
    <totalSinImpuestos>220000</totalSinImpuestos>
    <impuestos>
      <impuesto>
        <codigo>2</codigo>
        <codigoPorcentaje>2</codigoPorcentaje>
        <tarifa>14</tarifa>
        <baseImponible>220000</baseImponible>
        <valor>41800</valor>
      </impuesto>
    </impuestos>
    <valorTotal>261800</valorTotal>
  </infoNotaDebito>
  <motivos>
    <motivo>
      <razon>Esto es prueba</razon>
      <valor>261800</valor>
    </motivo>
  </motivos>
</notaDebito>