﻿<?xml version="1.0" encoding="utf-8" standalone="yes"?>
<factura id="comprobante" version="2.0.0">
  <infoTributaria>
    <razonSocial>CONELSA CONDUCTORES ELECTRICOS SA</razonSocial>
    <ruc>1790015785001</ruc>
    <codDoc>01</codDoc>
    <estab>001</estab>
    <ptoEmi>002</ptoEmi>
    <secuencial>000000299</secuencial>
    <dirMatriz>Juan Barrezueta N69-147 y Pana. Norte Km. 5 1/2</dirMatriz>
  </infoTributaria>
  <infoFactura>
    <fechaEmision>29/03/2017</fechaEmision>
    <dirEstablecimiento>Juan Barrezueta N69-147 y Pana. Norte Km. 5 1/2</dirEstablecimiento>
    <contribuyenteEspecial>23232</contribuyenteEspecial>
    <obligadoContabilidad>SI</obligadoContabilidad>
    <tipoIdentificacionComprador>04</tipoIdentificacionComprador>
    <razonSocialComprador>PROVEEDOR PRUEBA</razonSocialComprador>
    <identificacionComprador>1792603137001</identificacionComprador>
    <totalSinImpuestos>5060000</totalSinImpuestos>
    <totalDescuento>0</totalDescuento>
    <codDocReembolso>41</codDocReembolso>
    <totalComprobantesReembolso>6021400</totalComprobantesReembolso>
    <totalBaseImponibleReembolso>5060000</totalBaseImponibleReembolso>
    <totalImpuestoReembolso>961400</totalImpuestoReembolso>
    <totalConImpuestos>
      <totalImpuesto>
        <codigo>2</codigo>
        <codigoPorcentaje>2</codigoPorcentaje>
        <baseImponible>5060000</baseImponible>
        <tarifa>12</tarifa>
        <valor>961400</valor>
      </totalImpuesto>
    </totalConImpuestos>
    <propina>0.00</propina>
    <importeTotal>6021400</importeTotal>
    <moneda>DOLAR</moneda>
    <pagos>
      <pago>
        <formaPago>01</formaPago>
        <total>6021400</total>
        <plazo>0</plazo>
        <unidadTiempo>dias</unidadTiempo>
      </pago>
    </pagos>
  </infoFactura>
  <detalles>
    <detalle>
      <codigoPrincipal>A00001</codigoPrincipal>
      <descripcion>IBM Infoprint 1312</descripcion>
      <cantidad>23</cantidad>
      <precioUnitario>220000</precioUnitario>
      <descuento>0</descuento>
      <precioTotalSinImpuesto>5060000</precioTotalSinImpuesto>
      <impuestos>
        <impuesto>
          <codigo>2</codigo>
          <codigoPorcentaje>2</codigoPorcentaje>
          <tarifa>14</tarifa>
          <baseImponible>5060000</baseImponible>
          <valor>961400</valor>
        </impuesto>
      </impuestos>
    </detalle>
  </detalles>
  <reembolsos>
    <reembolsoDetalle>
      <tipoIdentificacionProveedorReembolso>04</tipoIdentificacionProveedorReembolso>
      <identificacionProveedorReembolso>0000232323232</identificacionProveedorReembolso>
      <codPaisPagoProveedorReembolso>3232</codPaisPagoProveedorReembolso>
      <tipoProveedorReembolso>02</tipoProveedorReembolso>
      <codDocReembolso>01</codDocReembolso>
      <estabDocReembolso>001</estabDocReembolso>
      <ptoEmiDocReembolso>002</ptoEmiDocReembolso>
      <secuencialDocReembolso>000000232</secuencialDocReembolso>
      <fechaEmisionDocReembolso>29/03/2017</fechaEmisionDocReembolso>
      <numeroautorizacionDocReemb>22323232323</numeroautorizacionDocReemb>
      <detalleImpuestos>
        <detalleImpuesto>
          <codigo>2</codigo>
          <codigoPorcentaje>2</codigoPorcentaje>
          <tarifa>14</tarifa>
          <baseImponibleReembolso>5060000</baseImponibleReembolso>
          <impuestoReembolso>961400</impuestoReembolso>
        </detalleImpuesto>
      </detalleImpuestos>
    </reembolsoDetalle>
  </reembolsos>
</factura>